DATE (EDT)	TIME START (EDT)	TIME END (EDT)	DATE (BST)	TIME START (BST)	TIME END (BST)	BBC SIMULCAST TIME START	BBC SIMULCAST TIME END	MTV SIMULCAST TIME START	MTV SIMULCAST TIME END	DURATION	LOCATION	PERFORMER(S)	TITLE	NOTES
1985-07-13	07:00:00	07:00:25	1985-07-13	12:00:00	12:00:25	00:12:00	00:12:25	00:04:21	00:04:46	00:00:25	London	Coldstream Guards	Introduced by Richard Skinner - Royal Salute	Arrival of Prince and Princess of Wales
1985-07-13	07:00:25	07:01:25	1985-07-13	12:00:25	12:01:25	00:12:25	00:13:25	00:04:46	00:05:46	00:01:00	London	Coldstream Guards	God Save the Queen	"Note: First six bars only, Introduced by Tommy Vance"
1985-07-13	07:01:25	07:01:47	1985-07-13	12:01:25	12:01:47	00:13:25	00:13:47	00:05:46	00:06:08	00:00:22	London	Status Quo	Introduction by Tommy Vance	
1985-07-13	07:01:47	07:05:41	1985-07-13	12:01:47	12:05:41	00:13:47	00:17:41	00:06:08	00:10:02	00:03:54	London	Status Quo	Rockin' All Over the World	
1985-07-13	07:05:41	07:10:15	1985-07-13	12:05:41	12:10:15	00:17:41	00:22:15	00:10:02	00:14:36	00:04:34	London	Status Quo	Caroline	
1985-07-13	07:10:15	07:14:49	1985-07-13	12:10:15	12:14:49	00:22:15	00:26:49	00:14:36	00:19:10	00:04:34	London	Status Quo	Don't Waste My Time	
1985-07-13	07:19:00	07:19:25	1985-07-13	12:19:00	12:19:25	00:31:00	00:31:25	00:23:21	00:23:46	00:00:25	London	The Style Council	Introduction by Tommy Vance	
1985-07-13	07:19:25	07:24:25	1985-07-13	12:19:25	12:24:25	00:31:25	00:36:25	00:23:46	00:28:46	00:05:00	London	The Style Council	You're the Best Thing	
1985-07-13	07:24:25	07:28:20	1985-07-13	12:24:25	12:28:20	00:36:25	00:40:20	00:28:46	00:32:41	00:03:55	London	The Style Council	Big Boss Groove	
1985-07-13	07:28:20	07:31:10	1985-07-13	12:28:20	12:31:10	00:40:20	00:43:10	00:32:41	00:35:31	00:02:50	London	The Style Council	Internationalists	
1985-07-13	07:31:10	07:34:46	1985-07-13	12:31:10	12:34:46	00:43:10	00:46:46	00:35:31	00:39:07	00:03:36	London	The Style Council	Walls Come Tumbling Down!	
1985-07-13	07:44:00	07:44:21	1985-07-13	12:44:00	12:44:21	00:56:00	00:56:21	00:48:21	00:48:42	00:00:21	London	The Boomtown Rats	Introduction by Tommy Vance	
1985-07-13	07:44:21	07:49:38	1985-07-13	12:44:21	12:49:38	00:56:21	01:01:38	00:48:42	00:53:59	00:05:17	London	The Boomtown Rats	I Don't Like Mondays	
1985-07-13	07:49:38	07:53:41	1985-07-13	12:49:38	12:53:41	01:01:38	01:05:41	00:53:59	00:58:02	00:04:03	London	The Boomtown Rats	Drag Me Down	
1985-07-13	07:53:41	07:59:18	1985-07-13	12:53:41	12:59:18	01:05:41	01:11:18	00:58:02	01:03:39	00:05:37	London	The Boomtown Rats	Rat Trap	
1985-07-13	08:01:00	08:01:55	1985-07-13	13:01:00	13:01:55	01:13:00	01:13:55	01:05:21	01:06:16	00:00:55	London	Adam Ant	Introduction by Harvey Goldsmith	
1985-07-13	08:01:55	08:05:21	1985-07-13	13:01:55	13:05:21	01:13:55	01:17:21	01:06:16	01:09:42	00:03:26	London	Adam Ant	Vive Le Rock	
1985-07-13	08:06:00	08:07:00	1985-07-13	13:06:00	13:07:00	01:18:00	01:19:00	01:10:21	01:11:21	00:01:00	Video [Australia]	Oz for Africa	Introduction by Ian Meldrum	
1985-07-13	08:07:00	08:18:00	1985-07-13	13:07:00	13:18:00	01:19:00	01:30:00	01:11:21	01:22:21	00:11:00	Video [Australia]	Oz for Africa	Music	
1985-07-13	08:17:00	08:19:58	1985-07-13	13:17:00	13:19:58	01:29:00	01:31:58	01:21:21	01:24:19	00:02:58	London	Ultravox	Reap the Wild Wind	
1985-07-13	08:19:58	08:25:07	1985-07-13	13:19:58	13:25:07	01:31:58	01:37:07	01:24:19	01:29:28	00:05:09	London	Ultravox	Dancing with Tears in My Eyes	
1985-07-13	08:25:07	08:28:56	1985-07-13	13:25:07	13:28:56	01:37:07	01:40:56	01:29:28	01:33:17	00:03:49	London	Ultravox	One Small Day	
1985-07-13	08:28:56	08:33:42	1985-07-13	13:28:56	13:33:42	01:40:56	01:45:42	01:33:17	01:38:03	00:04:46	London	Ultravox	Vienna	
1985-07-13	08:34:00	08:35:56	1985-07-13	13:34:00	13:35:56	01:46:00	01:47:56	01:38:21	01:40:17	00:01:56	Video [Japan]	Loudness	Gotta Fight	
1985-07-13	08:35:56	08:37:54	1985-07-13	13:35:56	13:37:54	01:47:56	01:49:54	01:40:17	01:42:15	00:01:58	Video [Japan]	Off Cause	Endless Night	
1985-07-13	08:37:54	08:39:45	1985-07-13	13:37:54	13:39:45	01:49:54	01:51:45	01:42:15	01:44:06	00:01:51	Video [Japan]	Eikichi Yazawa	Take It Time	
1985-07-13	08:39:45	08:42:52	1985-07-13	13:39:45	13:42:52	01:51:45	01:54:52	01:44:06	01:47:13	00:03:07	Video [Japan]	Motoharu San	Shame	
1985-07-13	08:46:00	08:46:32	1985-07-13	13:46:00	13:46:32	01:58:00	01:58:32	01:50:21	01:50:53	00:00:32	London	Spandau Ballet	Introduction by Andy Peebles	
1985-07-13	08:46:32	08:51:54	1985-07-13	13:46:32	13:51:54	01:58:32	02:03:54	01:50:53	01:56:15	00:05:22	London	Spandau Ballet	Only When You Leave	
1985-07-13	08:51:00	08:56:00	1985-07-13	13:51:00	13:56:00	02:03:00	02:08:00	01:55:21	02:00:21	00:05:00	Philadelphia	Bernard Watson	All I Really Want to Do	
1985-07-13	08:51:54	08:56:34	1985-07-13	13:51:54	13:56:34	02:03:54	02:08:34	01:56:15	02:00:55	00:04:40	London	Spandau Ballet	Virgin	
1985-07-13	08:56:00	09:00:03	1985-07-13	13:56:00	14:00:03	02:08:00	02:12:03	02:00:21	02:04:24	00:04:03	Philadelphia	Bernard Watson	Interview	
1985-07-13	08:56:34	09:02:27	1985-07-13	13:56:34	14:02:27	02:08:34	02:14:27	02:00:55	02:06:48	00:05:53	London	Spandau Ballet	True	
1985-07-13	09:01:00	09:01:46	1985-07-13	14:01:00	14:01:46	02:13:00	02:13:46	02:05:21	02:06:07	00:00:46	Philadelphia	Joan Baez	Introduction by Bill Graham of Jack Nicholson	
1985-07-13	09:01:46	09:03:05	1985-07-13	14:01:46	14:03:05	02:13:46	02:15:05	02:06:07	02:07:26	00:01:19	Philadelphia	Joan Baez	Introduction by Jack Nicholson	
1985-07-13	09:03:05	09:04:20	1985-07-13	14:03:05	14:04:20	02:15:05	02:16:20	02:07:26	02:08:41	00:01:15	Philadelphia	Joan Baez	Speech	
1985-07-13	09:04:20	09:06:15	1985-07-13	14:04:20	14:06:15	02:16:20	02:18:15	02:08:41	02:10:36	00:01:55	Philadelphia	Joan Baez	Amazing Grace	
1985-07-13	09:06:15	09:08:49	1985-07-13	14:06:15	14:08:49	02:18:15	02:20:49	02:10:36	02:13:10	00:02:34	Philadelphia	Joan Baez	We Are the World	
1985-07-13	09:07:00	09:07:24	1985-07-13	14:07:00	14:07:24	02:19:00	02:19:24	02:11:21	02:11:45	00:00:24	London	Elvis Costello	Introduction by Andy Peebles	
1985-07-13	09:07:24	09:11:06	1985-07-13	14:07:24	14:11:06	02:19:24	02:23:06	02:11:45	02:15:27	00:03:42	London	Elvis Costello	All You Need Is Love	
1985-07-13	09:10:00	09:11:30	1985-07-13	14:10:00	14:11:30	02:22:00	02:23:30	02:14:21	02:15:51	00:01:30	Philadelphia	The Hooters	Introduction by Bill Graham of Chevy Chase and Joe Piscopo	
1985-07-13	09:11:30	09:13:00	1985-07-13	14:11:30	14:13:00	02:23:30	02:25:00	02:15:51	02:17:21	00:01:30	Philadelphia	The Hooters	Introduction by Chevy Chase and Joe Piscopo	
1985-07-13	09:12:00	09:12:52	1985-07-13	14:12:00	14:12:52	02:24:00	02:24:52	02:16:21	02:17:13	00:00:52	Video [Austria]	Austria for Afrika	Introduction	
1985-07-13	09:12:52	09:17:23	1985-07-13	14:12:52	14:17:23	02:24:52	02:29:23	02:17:13	02:21:44	00:04:31	Video [Austria]	Austria for Afrika	Warum	
1985-07-13	09:13:00	09:17:37	1985-07-13	14:13:00	14:17:37	02:25:00	02:29:37	02:17:21	02:21:58	00:04:37	Philadelphia	The Hooters	And We Danced	
1985-07-13	09:17:37	09:23:21	1985-07-13	14:17:37	14:23:21	02:29:37	02:35:21	02:21:58	02:27:42	00:05:44	Philadelphia	The Hooters	All You Zombies	
1985-07-13	09:22:00	09:22:39	1985-07-13	14:22:00	14:22:39	02:34:00	02:34:39	02:26:21	02:27:00	00:00:39	London	Nik Kershaw	Introduction by Tommy Vance	
1985-07-13	09:22:39	09:26:04	1985-07-13	14:22:39	14:26:04	02:34:39	02:38:04	02:27:00	02:30:25	00:03:25	London	Nik Kershaw	Wide Boy	
1985-07-13	09:26:04	09:30:52	1985-07-13	14:26:04	14:30:52	02:38:04	02:42:52	02:30:25	02:35:13	00:04:48	London	Nik Kershaw	Don Quixote	
1985-07-13	09:30:52	09:35:05	1985-07-13	14:30:52	14:35:05	02:42:52	02:47:05	02:35:13	02:39:26	00:04:13	London	Nik Kershaw	The Riddle	
1985-07-13	09:32:00	09:32:20	1985-07-13	14:32:00	14:32:20	02:44:00	02:44:20	02:36:21	02:36:41	00:00:20	Philadelphia	Four Tops	Introduction by Chevy Chase	
1985-07-13	09:32:20	09:35:02	1985-07-13	14:32:20	14:35:02	02:44:20	02:47:02	02:36:41	02:39:23	00:02:42	Philadelphia	Four Tops	"Shake Me, Wake Me (When It's Over)"	
1985-07-13	09:35:02	09:36:45	1985-07-13	14:35:02	14:36:45	02:47:02	02:48:45	02:39:23	02:41:06	00:01:43	Philadelphia	Four Tops	Bernadette	
1985-07-13	09:35:05	09:40:17	1985-07-13	14:35:05	14:40:17	02:47:05	02:52:17	02:39:26	02:44:38	00:05:12	London	Nik Kershaw	Wouldn't It Be Good	
1985-07-13	09:36:45	09:38:05	1985-07-13	14:36:45	14:38:05	02:48:45	02:50:05	02:41:06	02:42:26	00:01:20	Philadelphia	Four Tops	It's the Same Old Song	
1985-07-13	09:38:05	09:39:41	1985-07-13	14:38:05	14:39:41	02:50:05	02:51:41	02:42:26	02:44:02	00:01:36	Philadelphia	Four Tops	Reach Out I'll Be There	
1985-07-13	09:39:41	09:42:09	1985-07-13	14:39:41	14:42:09	02:51:41	02:54:09	02:44:02	02:46:30	00:02:28	Philadelphia	Four Tops	"I Can't Help Myself (Sugar Pie, Honey Bunch)"	
1985-07-13	09:40:00	09:40:40	1985-07-13	14:40:00	14:40:40	02:52:00	02:52:40	02:44:21	02:45:01	00:00:40	Video [Netherlands]	B.B. King	Introduction	JVC North Sea Jazz Festival
1985-07-13	09:40:40	09:41:08	1985-07-13	14:40:40	14:41:08	02:52:40	02:53:08	02:45:01	02:45:29	00:00:28	Video [Netherlands]	B.B. King	When It All Comes Down	JVC North Sea Jazz Festival
1985-07-13	09:41:08	09:44:29	1985-07-13	14:41:08	14:44:29	02:53:08	02:56:29	02:45:29	02:48:50	00:03:21	Video [Netherlands]	B.B. King	Why I Sing the Blues	JVC North Sea Jazz Festival
1985-07-13	09:44:29	09:47:27	1985-07-13	14:44:29	14:47:27	02:56:29	02:59:27	02:48:50	02:51:48	00:02:58	Video [Netherlands]	B.B. King	Don't Answer the Door	JVC North Sea Jazz Festival
1985-07-13	09:45:00	09:45:20	1985-07-13	14:45:00	14:45:20	02:57:00	02:57:20	02:49:21	02:49:41	00:00:20	Philadelphia	Billy Ocean	Introduction by Chevy Chase	
1985-07-13	09:45:20	09:49:28	1985-07-13	14:45:20	14:49:28	02:57:20	03:01:28	02:49:41	02:53:49	00:04:08	Philadelphia	Billy Ocean	Caribbean Queen	
1985-07-13	09:47:27	09:49:33	1985-07-13	14:47:27	14:49:33	02:59:27	03:01:33	02:51:48	02:53:54	00:02:06	Video [Netherlands]	B.B. King	Rock Me Baby	JVC North Sea Jazz Festival
1985-07-13	09:49:28	09:53:06	1985-07-13	14:49:28	14:53:06	03:01:28	03:05:06	02:53:49	02:57:27	00:03:38	Philadelphia	Billy Ocean	Loverboy	
1985-07-13	09:53:00	09:53:13	1985-07-13	14:53:00	14:53:13	03:05:00	03:05:13	02:57:21	02:57:34	00:00:13	London	Sade	Introduction	
1985-07-13	09:53:13	09:58:48	1985-07-13	14:53:13	14:58:48	03:05:13	03:10:48	02:57:34	03:03:09	00:05:35	London	Sade	Why Can't We Live Together	
1985-07-13	09:55:00	09:55:20	1985-07-13	14:55:00	14:55:20	03:07:00	03:07:20	02:59:21	02:59:41	00:00:20	Philadelphia	Black Sabbath	Introduction by Chevy Chase	
1985-07-13	09:55:20	09:59:38	1985-07-13	14:55:20	14:59:38	03:07:20	03:11:38	02:59:41	03:03:59	00:04:18	Philadelphia	Black Sabbath	Children of the Grave	
1985-07-13	09:58:48	10:03:22	1985-07-13	14:58:48	15:03:22	03:10:48	03:15:22	03:03:09	03:07:43	00:04:34	London	Sade	Your Love Is King	
1985-07-13	09:59:38	10:07:22	1985-07-13	14:59:38	15:07:22	03:11:38	03:19:22	03:03:59	03:11:43	00:07:44	Philadelphia	Black Sabbath	Iron Man	
1985-07-13	10:03:22	10:09:32	1985-07-13	15:03:22	15:09:32	03:15:22	03:21:32	03:07:43	03:13:53	00:06:10	London	Sade	Is It a Crime?	
1985-07-13	10:07:22	10:10:40	1985-07-13	15:07:22	15:10:40	03:19:22	03:22:40	03:11:43	03:15:01	00:03:18	Philadelphia	Black Sabbath	Paranoid	
1985-07-13	10:10:00	10:10:30	1985-07-13	15:10:00	15:10:30	03:22:00	03:22:30	03:14:21	03:14:51	00:00:30	Video [Yugoslavia]	Yu Rock Mission	Introduction by Mladen Popovic	
1985-07-13	10:10:30	10:15:12	1985-07-13	15:10:30	15:15:12	03:22:30	03:27:12	03:14:51	03:19:33	00:04:42	Video [Yugoslavia]	Yu Rock Mission	For a Million Years	
1985-07-13	10:12:00	10:12:20	1985-07-13	15:12:00	15:12:20	03:24:00	03:24:20	03:16:21	03:16:41	00:00:20	Philadelphia	Run–D.M.C.	Introduction by Joe Piscopo	
1985-07-13	10:12:20	10:15:20	1985-07-13	15:12:20	15:15:20	03:24:20	03:27:20	03:16:41	03:19:41	00:03:00	Philadelphia	Run–D.M.C.	Jam Master Jay	
1985-07-13	10:15:20	10:19:44	1985-07-13	15:15:20	15:19:44	03:27:20	03:31:44	03:19:41	03:24:05	00:04:24	Philadelphia	Run–D.M.C.	King of Rock	
1985-07-13	10:18:00	10:20:26	1985-07-13	15:18:00	15:20:26	03:30:00	03:32:26	03:22:21	03:24:47	00:02:26	London	Sting	Introduction by Noel Edmonds	
1985-07-13	10:20:26	10:24:04	1985-07-13	15:20:26	15:24:04	03:32:26	03:36:04	03:24:47	03:28:25	00:03:38	London	Sting	Roxanne	
1985-07-13	10:24:04	10:27:21	1985-07-13	15:24:04	15:27:21	03:36:04	03:39:21	03:28:25	03:31:42	00:03:17	London	Sting	Driven to Tears	
1985-07-13	10:27:00	10:27:20	1985-07-13	15:27:00	15:27:20	03:39:00	03:39:20	03:31:21	03:31:41	00:00:20	Philadelphia	Rick Springfield	Introduction by Joe Piscopo	
1985-07-13	10:27:20	10:30:57	1985-07-13	15:27:20	15:30:57	03:39:20	03:42:57	03:31:41	03:35:18	00:03:37	Philadelphia	Rick Springfield	Love Somebody	
1985-07-13	10:27:21	10:30:46	1985-07-13	15:27:21	15:30:46	03:39:21	03:42:46	03:31:42	03:35:07	00:03:25	London	Phil Collins	Against All Odds	
1985-07-13	10:30:46	10:35:18	1985-07-13	15:30:46	15:35:18	03:42:46	03:47:18	03:35:07	03:39:39	00:04:32	London	Sting	Message in a Bottle	
1985-07-13	10:30:57	10:35:01	1985-07-13	15:30:57	15:35:01	03:42:57	03:47:01	03:35:18	03:39:22	00:04:04	Philadelphia	Rick Springfield	State of the Heart	
1985-07-13	10:35:01	10:37:24	1985-07-13	15:35:01	15:37:24	03:47:01	03:49:24	03:39:22	03:41:45	00:02:23	Philadelphia	Rick Springfield	Human Touch	
1985-07-13	10:35:18	10:40:03	1985-07-13	15:35:18	15:40:03	03:47:18	03:52:03	03:39:39	03:44:24	00:04:45	London	Phil Collins	In the Air Tonight	
1985-07-13	10:40:03	10:43:33	1985-07-13	15:40:03	15:43:33	03:52:03	03:55:33	03:44:24	03:47:54	00:03:30	London	Sting + Phil Collins + Branford Marsalis	Long Long Way to Go	
1985-07-13	10:43:33	10:46:45	1985-07-13	15:43:33	15:46:45	03:55:33	03:58:45	03:47:54	03:51:06	00:03:12	London	Sting + Phil Collins + Branford Marsalis	Every Breath You Take	
1985-07-13	10:47:00	10:47:20	1985-07-13	15:47:00	15:47:20	03:59:00	03:59:20	03:51:21	03:51:41	00:00:20	Philadelphia	REO Speedwagon	Introduction by Chevy Chase	
1985-07-13	10:47:20	10:52:45	1985-07-13	15:47:20	15:52:45	03:59:20	04:04:45	03:51:41	03:57:06	00:05:25	Philadelphia	REO Speedwagon	Can't Fight This Feeling	
1985-07-13	10:49:00	10:49:48	1985-07-13	15:49:00	15:49:48	04:01:00	04:01:48	03:53:21	03:54:09	00:00:48	London	Howard Jones	Introduction by Andy Peebles	
1985-07-13	10:49:48	10:53:44	1985-07-13	15:49:48	15:53:44	04:01:48	04:05:44	03:54:09	03:58:05	00:03:56	London	Howard Jones	Hide and Seek	
1985-07-13	10:52:45	10:57:26	1985-07-13	15:52:45	15:57:26	04:04:45	04:09:26	03:57:06	04:01:47	00:04:41	Philadelphia	REO Speedwagon + Beach Boys	Roll with the Changes	
1985-07-13	10:55:00	10:55:58	1985-07-13	15:55:00	15:55:58	04:07:00	04:07:58	03:59:21	04:00:19	00:00:58	Video [USSR]	________	Introduction by Vladimir Posner	
1985-07-13	10:55:58	11:01:17	1985-07-13	15:55:58	16:01:17	04:07:58	04:13:17	04:00:19	04:05:38	00:05:19	Video [USSR]	________	______________	
1985-07-13	11:01:17	11:01:55	1985-07-13	16:01:17	16:01:55	04:13:17	04:13:55	04:05:38	04:06:16	00:00:38	Video [USSR]	________	Speech by Vladimir Posner	
1985-07-13	11:01:55	11:05:56	1985-07-13	16:01:55	16:05:56	04:13:55	04:17:56	04:06:16	04:10:17	00:04:01	Video [USSR]	________	___ _____ ___	
1985-07-13	11:08:00	11:08:20	1985-07-13	16:08:00	16:08:20	04:20:00	04:20:20	04:12:21	04:12:41	00:00:20	London	Bryan Ferry + David Gilmour	Introduction by Andy Peebles	
1985-07-13	11:08:20	11:12:51	1985-07-13	16:08:20	16:12:51	04:20:20	04:24:51	04:12:41	04:17:12	00:04:31	London	Bryan Ferry + David Gilmour	Sensation	
1985-07-13	11:12:00	11:16:57	1985-07-13	16:12:00	16:16:57	04:24:00	04:28:57	04:16:21	04:21:18	00:04:57	Philadelphia	"Crosby, Stills and Nash"	Southern Cross	
1985-07-13	11:12:51	11:17:22	1985-07-13	16:12:51	16:17:22	04:24:51	04:29:22	04:17:12	04:21:43	00:04:31	London	Bryan Ferry + David Gilmour	Boys and Girls	
1985-07-13	11:16:57	11:20:10	1985-07-13	16:16:57	16:20:10	04:28:57	04:32:10	04:21:18	04:24:31	00:03:13	Philadelphia	"Crosby, Stills and Nash"	Teach Your Children	
1985-07-13	11:17:22	11:21:05	1985-07-13	16:17:22	16:21:05	04:29:22	04:33:05	04:21:43	04:25:26	00:03:43	London	Bryan Ferry + David Gilmour	Slave to Love	
1985-07-13	11:20:10	11:28:15	1985-07-13	16:20:10	16:28:15	04:32:10	04:40:15	04:24:31	04:32:36	00:08:05	Philadelphia	"Crosby, Stills and Nash"	Suite: Judy Blue Eyes	
1985-07-13	11:21:05	11:25:54	1985-07-13	16:21:05	16:25:54	04:33:05	04:37:54	04:25:26	04:30:15	00:04:49	London	Bryan Ferry + David Gilmour	Jealous Guy	
1985-07-13	11:27:00	11:27:20	1985-07-13	16:27:00	16:27:20	04:39:00	04:39:20	04:31:21	04:31:41	00:00:20	Video [Germany]	Band Für Afrika	Introduction by Evelyn Selbert and Ken Janz	
1985-07-13	11:27:20	11:31:33	1985-07-13	16:27:20	16:31:33	04:39:20	04:43:33	04:31:41	04:35:54	00:04:13	Video [Germany]	Band Für Afrika	Speech by Udo Lindenberg	
1985-07-13	11:29:00	11:29:20	1985-07-13	16:29:00	16:29:20	04:41:00	04:41:20	04:33:21	04:33:41	00:00:20	Philadelphia	Judas Priest	Introduction by Chevy Chase	
1985-07-13	11:29:20	11:33:21	1985-07-13	16:29:20	16:33:21	04:41:20	04:45:21	04:33:41	04:37:42	00:04:01	Philadelphia	Judas Priest	Living After Midnight	
1985-07-13	11:31:33	11:35:36	1985-07-13	16:31:33	16:35:36	04:43:33	04:47:36	04:35:54	04:39:57	00:04:03	Video [Germany]	Band Für Afrika	Nackt im Wind	
1985-07-13	11:33:21	11:37:03	1985-07-13	16:33:21	16:37:03	04:45:21	04:49:03	04:37:42	04:41:24	00:03:42	Philadelphia	Judas Priest	The Green Manalishi (With the Two-Pronged Crown)	
1985-07-13	11:35:36	11:38:05	1985-07-13	16:35:36	16:38:05	04:47:36	04:50:05	04:39:57	04:42:26	00:02:29	Video [Germany]	Band Für Afrika	Ein Jahr (Es Geht Voran)	
1985-07-13	11:37:03	11:44:19	1985-07-13	16:37:03	16:44:19	04:49:03	04:56:19	04:41:24	04:48:40	00:07:16	Philadelphia	Judas Priest	You've Got Another Thing Comin'	
1985-07-13	11:40:00	11:41:01	1985-07-13	16:40:00	16:41:01	04:52:00	04:53:01	04:44:21	04:45:22	00:01:01	London	Paul Young	Introduction by Andy Peebles	
1985-07-13	11:41:01	11:41:54	1985-07-13	16:41:01	16:41:54	04:53:01	04:53:54	04:45:22	04:46:15	00:00:53	London	Paul Young	Do They Know It's Christmas?	Note: Intro Only
1985-07-13	11:41:54	11:49:04	1985-07-13	16:41:54	16:49:04	04:53:54	05:01:04	04:46:15	04:53:25	00:07:10	London	Paul Young	Come Back and Stay	
1985-07-13	11:49:04	11:53:55	1985-07-13	16:49:04	16:53:55	05:01:04	05:05:55	04:53:25	04:58:16	00:04:51	London	Paul Young + Alison Moyet	That's the Way Love Is	
1985-07-13	11:53:55	12:00:47	1985-07-13	16:53:55	17:00:47	05:05:55	05:12:47	04:58:16	05:05:08	00:06:52	London	Paul Young	Everytime You Go Away	
1985-07-13	12:01:00	12:01:20	1985-07-13	17:01:00	17:01:20	05:13:00	05:13:20	05:05:21	05:05:41	00:00:20	Philadelphia	Bryan Adams	Introduction by Jack Nicholson	
1985-07-13	12:01:20	12:04:19	1985-07-13	17:01:20	17:04:19	05:13:20	05:16:19	05:05:41	05:08:40	00:02:59	Philadelphia	Bryan Adams	Kids Wanna Rock	
1985-07-13	12:04:19	12:08:45	1985-07-13	17:04:19	17:08:45	05:16:19	05:20:45	05:08:40	05:13:06	00:04:26	Philadelphia	Bryan Adams	Summer of '69	
1985-07-13	12:08:45	12:12:57	1985-07-13	17:08:45	17:12:57	05:20:45	05:24:57	05:13:06	05:17:18	00:04:12	Philadelphia	Bryan Adams	Tears Are Not Enough	
1985-07-13	12:12:57	12:18:31	1985-07-13	17:12:57	17:18:31	05:24:57	05:30:31	05:17:18	05:22:52	00:05:34	Philadelphia	Bryan Adams	Cuts Like a Knife	
1985-07-13	12:19:00	12:19:29	1985-07-13	17:19:00	17:19:29	05:31:00	05:31:29	05:23:21	05:23:50	00:00:29	London	U2	Introduction (Philadelphia) by Jack Nicholson	
1985-07-13	12:19:29	12:20:10	1985-07-13	17:19:29	17:20:10	05:31:29	05:32:10	05:23:50	05:24:31	00:00:41	London	U2	Introduction (London) by Tommy Vance	
1985-07-13	12:20:10	12:25:30	1985-07-13	17:20:10	17:25:30	05:32:10	05:37:30	05:24:31	05:29:51	00:05:20	London	U2	Sunday Bloody Sunday	
1985-07-13	12:25:30	12:37:57	1985-07-13	17:25:30	17:37:57	05:37:30	05:49:57	05:29:51	05:42:18	00:12:27	London	U2	Bad	Note: Included Satellite of Love - Lou Reed; Ruby Tuesday - Rolling Stones; Sympathy for the Devil - Rolling Stones; Walk on the Wild Side - Lou Reed
1985-07-13	12:39:00	12:39:20	1985-07-13	17:39:00	17:39:20	05:51:00	05:51:20	05:43:21	05:43:41	00:00:20	Philadelphia	The Beach Boys	Introduction by Bill Graham of Marilyn McCoo	
1985-07-13	12:39:20	12:39:53	1985-07-13	17:39:20	17:39:53	05:51:20	05:51:53	05:43:41	05:44:14	00:00:33	Philadelphia	The Beach Boys	Introduction by Marilyn McCoo	
1985-07-13	12:39:53	12:42:24	1985-07-13	17:39:53	17:42:24	05:51:53	05:54:24	05:44:14	05:46:45	00:02:31	Philadelphia	The Beach Boys	California Girls	
1985-07-13	12:42:24	12:45:31	1985-07-13	17:42:24	17:45:31	05:54:24	05:57:31	05:46:45	05:49:52	00:03:07	Philadelphia	The Beach Boys	"Help Me, Rhonda"	
1985-07-13	12:45:31	12:48:34	1985-07-13	17:45:31	17:48:34	05:57:31	06:00:34	05:49:52	05:52:55	00:03:03	Philadelphia	The Beach Boys	Wouldn't It Be Nice	
1985-07-13	12:48:34	12:53:20	1985-07-13	17:48:34	17:53:20	06:00:34	06:05:20	05:52:55	05:57:41	00:04:46	Philadelphia	The Beach Boys	Good Vibrations	
1985-07-13	12:53:20	12:56:00	1985-07-13	17:53:20	17:56:00	06:05:20	06:08:00	05:57:41	06:00:21	00:02:40	Philadelphia	The Beach Boys	Surfin' U.S.A.	
1985-07-13	13:00:00	13:00:20	1985-07-13	18:00:00	18:00:20	06:12:00	06:12:20	06:04:21	06:04:41	00:00:20	London	Dire Straits + Sting	Introduction (Philadelphia) by Bill Graham	
1985-07-13	13:00:20	13:00:53	1985-07-13	18:00:20	18:00:53	06:12:20	06:12:53	06:04:41	06:05:14	00:00:33	London	Dire Straits + Sting	Introduction (London) by Tommy Vance	
1985-07-13	13:00:53	13:08:19	1985-07-13	18:00:53	18:08:19	06:12:53	06:20:19	06:05:14	06:12:40	00:07:26	London	Dire Straits + Sting	Money for Nothing	
1985-07-13	13:08:19	13:19:36	1985-07-13	18:08:19	18:19:36	06:20:19	06:31:36	06:12:40	06:23:57	00:11:17	London	Dire Straits	Sultans of Swing	
1985-07-13	13:26:00	13:26:20	1985-07-13	18:26:00	18:26:20	06:38:00	06:38:20	06:30:21	06:30:41	00:00:20	Philadelphia	George Thorogood + Bo Didley	Introduction by George Segal	
1985-07-13	13:26:20	13:31:54	1985-07-13	18:26:20	18:31:54	06:38:20	06:43:54	06:30:41	06:36:15	00:05:34	Philadelphia	George Thorogood + Bo Didley	Who Do You Love?	
1985-07-13	13:31:54	13:32:53	1985-07-13	18:31:54	18:32:53	06:43:54	06:44:53	06:36:15	06:37:14	00:00:59	Philadelphia	George Thorogood	Tuning	
1985-07-13	13:32:53	13:38:56	1985-07-13	18:32:53	18:38:56	06:44:53	06:50:56	06:37:14	06:43:17	00:06:03	Philadelphia	George Thorogood	The Sky Is Crying	
1985-07-13	13:38:56	13:44:06	1985-07-13	18:38:56	18:44:06	06:50:56	06:56:06	06:43:17	06:48:27	00:05:10	Philadelphia	George Thorogood + Albert Collins	Madison Blues	
1985-07-13	13:39:00	13:40:51	1985-07-13	18:39:00	18:40:51	06:51:00	06:52:51	06:43:21	06:45:12	00:01:51	London	Griff Rhys-Jones + Mel Smith	Introduction by Andy Peebles	
1985-07-13	13:40:51	13:41:11	1985-07-13	18:40:51	18:41:11	06:52:51	06:53:11	06:45:12	06:45:32	00:00:20	London	Griff Rhys-Jones + Mel Smith	An Old Lady is Complaining About the Noise	
1985-07-13	13:41:00	13:43:22	1985-07-13	18:41:00	18:43:22	06:53:00	06:55:22	06:45:21	06:47:43	00:02:22	London	Queen	Bohemian Rhapsody	Note: First part only
1985-07-13	13:43:22	13:47:22	1985-07-13	18:43:22	18:47:22	06:55:22	06:59:22	06:47:43	06:51:43	00:04:00	London	Queen	Radio Ga Ga	
1985-07-13	13:47:22	13:48:02	1985-07-13	18:47:22	18:48:02	06:59:22	07:00:02	06:51:43	06:52:23	00:00:40	London	Queen	Interactive: Audience Call and Response	
1985-07-13	13:48:02	13:52:48	1985-07-13	18:48:02	18:52:48	07:00:02	07:04:48	06:52:23	06:57:09	00:04:46	London	Queen	Hammer to Fall	
1985-07-13	13:52:48	13:56:25	1985-07-13	18:52:48	18:56:25	07:04:48	07:08:25	06:57:09	07:00:46	00:03:37	London	Queen	Crazy Little Thing Called Love	
1985-07-13	13:56:25	13:57:41	1985-07-13	18:56:25	18:57:41	07:08:25	07:09:41	07:00:46	07:02:02	00:01:16	London	Queen	We Will Rock You	
1985-07-13	13:57:41	14:01:22	1985-07-13	18:57:41	19:01:22	07:09:41	07:13:22	07:02:02	07:05:43	00:03:41	London	Queen	We Are the Champions	
1985-07-13	14:02:00	14:02:10	1985-07-13	19:02:00	19:02:10	07:14:00	07:14:10	07:06:21	07:06:31	00:00:10	London	David Bowie + Mick Jagger	Introduction (Philadelphia) by Chevy Chase	
1985-07-13	14:02:10	14:04:55	1985-07-13	19:02:10	19:04:55	07:14:10	07:16:55	07:06:31	07:09:16	00:02:45	Video	David Bowie + Mick Jagger	Dancing in the Streets	
1985-07-13	14:05:00	14:05:24	1985-07-13	19:05:00	19:05:24	07:17:00	07:17:24	07:09:21	07:09:45	00:00:24	Philadelphia	Simple Minds	Introduction by Joe Piscopo	
1985-07-13	14:05:24	14:11:14	1985-07-13	19:05:24	19:11:14	07:17:24	07:23:14	07:09:45	07:15:35	00:05:50	Philadelphia	Simple Minds	Ghost Dancing	
1985-07-13	14:11:14	14:18:10	1985-07-13	19:11:14	19:18:10	07:23:14	07:30:10	07:15:35	07:22:31	00:06:56	Philadelphia	Simple Minds	Don't You (Forget About Me)	
1985-07-13	14:18:10	14:21:10	1985-07-13	19:18:10	19:21:10	07:30:10	07:33:10	07:22:31	07:25:31	00:03:00	Philadelphia	Simple Minds	Promised You a Miracle	
1985-07-13	14:23:00	14:23:16	1985-07-13	19:23:00	19:23:16	07:35:00	07:35:16	07:27:21	07:27:37	00:00:16	London	David Bowie	Introduction (Philadelphia) by Chevy Chase	
1985-07-13	14:23:16	14:23:26	1985-07-13	19:23:16	19:23:26	07:35:16	07:35:26	07:27:37	07:27:47	00:00:10	London	David Bowie	Introduction (London) by Andy Peebles	
1985-07-13	14:23:26	14:27:01	1985-07-13	19:23:26	19:27:01	07:35:26	07:39:01	07:27:47	07:31:22	00:03:35	London	David Bowie	TVC 15	
1985-07-13	14:27:01	14:30:14	1985-07-13	19:27:01	19:30:14	07:39:01	07:42:14	07:31:22	07:34:35	00:03:13	London	David Bowie	Rebel Rebel	
1985-07-13	14:30:14	14:33:45	1985-07-13	19:30:14	19:33:45	07:42:14	07:45:45	07:34:35	07:38:06	00:03:31	London	David Bowie	Modern Love	
1985-07-13	14:33:45	14:40:26	1985-07-13	19:33:45	19:40:26	07:45:45	07:52:26	07:38:06	07:44:47	00:06:41	London	David Bowie	Heroes	
1985-07-13	14:40:26	14:41:07	1985-07-13	19:40:26	19:41:07	07:52:26	07:53:07	07:44:47	07:45:28	00:00:41	London	CBC	Introduction by David Bowie	
1985-07-13	14:41:00	14:41:20	1985-07-13	19:41:00	19:41:20	07:53:00	07:53:20	07:45:21	07:45:41	00:00:20	Philadelphia	Pretenders	Introduction by Grace Slick	
1985-07-13	14:41:07	14:44:52	1985-07-13	19:41:07	19:44:52	07:53:07	07:56:52	07:45:28	07:49:13	00:03:45	Video	CBC	Famine Video	
1985-07-13	14:41:20	14:44:55	1985-07-13	19:41:20	19:44:55	07:53:20	07:56:55	07:45:41	07:49:16	00:03:35	Philadelphia	Pretenders	Time the Avenger	
1985-07-13	14:44:55	14:48:10	1985-07-13	19:44:55	19:48:10	07:56:55	08:00:10	07:49:16	07:52:31	00:03:15	Philadelphia	Pretenders	Message of Love	
1985-07-13	14:48:10	14:50:10	1985-07-13	19:48:10	19:50:10	08:00:10	08:02:10	07:52:31	07:54:31	00:02:00	Philadelphia	Pretenders	Stop Your Sobbing	
1985-07-13	14:50:10	14:53:45	1985-07-13	19:50:10	19:53:45	08:02:10	08:05:45	07:54:31	07:58:06	00:03:35	Philadelphia	Pretenders	Back on the Chain Gang	
1985-07-13	14:53:45	14:57:47	1985-07-13	19:53:45	19:57:47	08:05:45	08:09:47	07:58:06	08:02:08	00:04:02	Philadelphia	Pretenders	Middle of the Road	
1985-07-13	14:59:00	15:00:13	1985-07-13	19:59:00	20:00:13	08:11:00	08:12:13	08:03:21	08:04:34	00:01:13	London	The Who	Introduction (Philadelphia) by Jack Nicholson	
1985-07-13	15:00:13	15:02:23	1985-07-13	20:00:13	20:02:23	08:12:13	08:14:23	08:04:34	08:06:44	00:02:10	London	The Who	Introduction (London) by Tommy Vance	
1985-07-13	15:02:23	15:04:03	1985-07-13	20:02:23	20:04:03	08:14:23	08:16:03	08:06:44	08:08:24	00:01:40	London	The Who	My Generation	"Note: BBC blew a fuse. Broadcast interrupted, band kept playing"
1985-07-13	15:04:03	15:07:05	1985-07-13	20:04:03	20:07:05	08:16:03	08:19:05	08:08:24	08:11:26	00:03:02	London	The Who	Pinball Wizard	"Note: BBC blew a fuse. Broadcast interrupted, band kept playing"
1985-07-13	15:07:05	15:11:52	1985-07-13	20:07:05	20:11:52	08:19:05	08:23:52	08:11:26	08:16:13	00:04:47	London	The Who	"Love, Reign o'er Me"	
1985-07-13	15:11:52	15:21:17	1985-07-13	20:11:52	20:21:17	08:23:52	08:33:17	08:16:13	08:25:38	00:09:25	London	The Who	Won't Get Fooled Again	
1985-07-13	15:21:00	15:21:09	1985-07-13	20:21:00	20:21:09	08:33:00	08:33:09	08:25:21	08:25:30	00:00:09	Philadelphia	Santana	Introduction by Bill Graham	
1985-07-13	15:21:09	15:24:31	1985-07-13	20:21:09	20:24:31	08:33:09	08:36:31	08:25:30	08:28:52	00:03:22	Philadelphia	Santana	Brotherhood	
1985-07-13	15:24:31	15:26:42	1985-07-13	20:24:31	20:26:42	08:36:31	08:38:42	08:28:52	08:31:03	00:02:11	Philadelphia	Santana	Primera Invasion	
1985-07-13	15:26:42	15:31:56	1985-07-13	20:26:42	20:31:56	08:38:42	08:43:56	08:31:03	08:36:17	00:05:14	Philadelphia	Santana	Open Invitation	
1985-07-13	15:27:00	15:30:06	1985-07-13	20:27:00	20:30:06	08:39:00	08:42:06	08:31:21	08:34:27	00:03:06	Video	Phil Collins + Steve Blacknell	Concorde Interview	"On BBC, played during Santana performance"
1985-07-13	15:30:06	15:34:52	1985-07-13	20:30:06	20:34:52	08:42:06	08:46:52	08:34:27	08:39:13	00:04:46	Video [Norway]	Norwegian Band Aid	All of Us	
1985-07-13	15:31:56	15:36:28	1985-07-13	20:31:56	20:36:28	08:43:56	08:48:28	08:36:17	08:40:49	00:04:32	Philadelphia	Santana + Pat Metheny	By the Pool	
1985-07-13	15:36:28	15:39:28	1985-07-13	20:36:28	20:39:28	08:48:28	08:51:28	08:40:49	08:43:49	00:03:00	Philadelphia	Santana + Pat Metheny	Right Now	
1985-07-13	15:50:00	15:51:07	1985-07-13	20:50:00	20:51:07	09:02:00	09:03:07	08:54:21	08:55:28	00:01:07	London	Elton John	Introduction by Billy Connolly	
1985-07-13	15:51:07	15:54:27	1985-07-13	20:51:07	20:54:27	09:03:07	09:06:27	08:55:28	08:58:48	00:03:20	London	Elton John	I'm Still Standing	
1985-07-13	15:54:27	15:59:07	1985-07-13	20:54:27	20:59:07	09:06:27	09:11:07	08:58:48	09:03:28	00:04:40	London	Elton John	Bennie and the Jets	
1985-07-13	15:57:00	16:01:56	1985-07-13	20:57:00	21:01:56	09:09:00	09:13:56	09:01:21	09:06:17	00:04:56	Philadelphia	Ashford & Simpson	Solid	
1985-07-13	15:59:07	16:03:51	1985-07-13	20:59:07	21:03:51	09:11:07	09:15:51	09:03:28	09:08:12	00:04:44	London	Elton John	Rocket Man	
1985-07-13	16:01:56	16:08:01	1985-07-13	21:01:56	21:08:01	09:13:56	09:20:01	09:06:17	09:12:22	00:06:05	Philadelphia	Ashford & Simpson + Teddy Pendergrass	Reach Out and Touch (Somebody's Hand)	
1985-07-13	16:03:51	16:04:25	1985-07-13	21:03:51	21:04:25	09:15:51	09:16:25	09:08:12	09:08:46	00:00:34	London	Elton John	Presentation of the Band	
1985-07-13	16:04:25	16:09:16	1985-07-13	21:04:25	21:09:16	09:16:25	09:21:16	09:08:46	09:13:37	00:04:51	London	Elton John + Kiki Dee	Don't Go Breaking My Heart (with Kiki Dee)	
1985-07-13	16:09:16	16:14:51	1985-07-13	21:09:16	21:14:51	09:21:16	09:26:51	09:13:37	09:19:12	00:05:35	London	Elton John + Wham!	Don't Let the Sun Go Down on Me (with Wham!)	
1985-07-13	16:14:51	16:18:33	1985-07-13	21:14:51	21:18:33	09:26:51	09:30:33	09:19:12	09:22:54	00:03:42	London	Elton John	Can I Get a Witness	
1985-07-13	16:19:00	16:21:01	1985-07-13	21:19:00	21:21:01	09:31:00	09:33:01	09:23:21	09:25:22	00:02:01	Video	Kool & The Gang	Stand Up and Sing	Pre-recorded video
1985-07-13	16:21:01	16:24:12	1985-07-13	21:21:01	21:24:12	09:33:01	09:36:12	09:25:22	09:28:33	00:03:11	Video	Kool & The Gang	Cherish	Pre-recorded video
1985-07-13	16:27:00	16:27:10	1985-07-13	21:27:00	21:27:10	09:39:00	09:39:10	09:31:21	09:31:31	00:00:10	Philadelphia	Madonna	Introduction by Bill Graham of Bette Midler	
1985-07-13	16:27:10	16:27:20	1985-07-13	21:27:10	21:27:20	09:39:10	09:39:20	09:31:31	09:31:41	00:00:10	Philadelphia	Madonna	Introduction by Bette Midler	
1985-07-13	16:27:20	16:33:40	1985-07-13	21:27:20	21:33:40	09:39:20	09:45:40	09:31:41	09:38:01	00:06:20	Philadelphia	Madonna	Holiday	
1985-07-13	16:33:40	16:40:09	1985-07-13	21:33:40	21:40:09	09:45:40	09:52:09	09:38:01	09:44:30	00:06:29	Philadelphia	Madonna	Into the Groove	
1985-07-13	16:40:09	16:45:26	1985-07-13	21:40:09	21:45:26	09:52:09	09:57:26	09:44:30	09:49:47	00:05:17	Philadelphia	Madonna + Thompson Twins + Nile Rodgers	"Love Makes the World Go Round"" (w/Thompson Twins and Nile Rodgers)"	
1985-07-13	16:48:00	16:48:35	1985-07-13	21:48:00	21:48:35	10:00:00	10:00:35	09:52:21	09:52:56	00:00:35	London	Freddie Mercury + Brian May	Introduction by John Hurt	
1985-07-13	16:48:35	16:51:32	1985-07-13	21:48:35	21:51:32	10:00:35	10:03:32	09:52:56	09:55:53	00:02:57	London	Freddie Mercury + Brian May	Is This the World We Created...?	
1985-07-13	16:51:00	16:55:52	1985-07-13	21:51:00	21:55:52	10:03:00	10:07:52	09:55:21	10:00:13	00:04:52	London	Paul McCartney + David Bowie + Bob Geldof + Alison Moyet + Pete Townshend	Let It Be	
1985-07-13	16:57:00	16:57:57	1985-07-13	21:57:00	21:57:57	10:09:00	10:09:57	10:01:21	10:02:18	00:00:57	London	Band Aid	Intermission	
1985-07-13	16:57:57	17:01:38	1985-07-13	21:57:57	22:01:38	10:09:57	10:13:38	10:02:18	10:05:59	00:03:41	London	Band Aid	Do They Know It's Christmas?	
1985-07-13	17:02:00	17:02:10	1985-07-13	22:02:00	22:02:10	10:14:00	10:14:10	10:06:21	10:06:31	00:00:10	Philadelphia	Tom Petty and the Heartbreakers	Introduction by Bill Graham of Don Johnson	
1985-07-13	17:02:10	17:02:20	1985-07-13	22:02:10	22:02:20	10:14:10	10:14:20	10:06:31	10:06:41	00:00:10	Philadelphia	Tom Petty and the Heartbreakers	Introduction by Don Johnson	
1985-07-13	17:02:20	17:06:27	1985-07-13	22:02:20	22:06:27	10:14:20	10:18:27	10:06:41	10:10:48	00:04:07	Philadelphia	Tom Petty and the Heartbreakers	American Girl	
1985-07-13	17:06:27	17:11:13	1985-07-13	22:06:27	22:11:13	10:18:27	10:23:13	10:10:48	10:15:34	00:04:46	Philadelphia	Tom Petty and the Heartbreakers	The Waiting	
1985-07-13	17:11:13	17:16:55	1985-07-13	22:11:13	22:16:55	10:23:13	10:28:55	10:15:34	10:21:16	00:05:42	Philadelphia	Tom Petty and the Heartbreakers	Rebels	
1985-07-13	17:16:55	17:20:39	1985-07-13	22:16:55	22:20:39	10:28:55	10:32:39	10:21:16	10:25:00	00:03:44	Philadelphia	Tom Petty and the Heartbreakers	Refugee	
1985-07-13	17:30:00	17:30:20	1985-07-13	22:30:00	22:30:20	10:42:00	10:42:20	10:34:21	10:34:41	00:00:20	Philadelphia	Kenny Loggins	Introduction by Chevy Chase	
1985-07-13	17:30:20	17:34:34	1985-07-13	22:30:20	22:34:34	10:42:20	10:46:34	10:34:41	10:38:55	00:04:14	Philadelphia	Kenny Loggins	Footloose	
1985-07-13	17:39:00	17:42:02	1985-07-13	22:39:00	22:42:02	10:51:00	10:54:02	10:43:21	10:46:23	00:03:02	Philadelphia	The Cars	You Might Think	
1985-07-13	17:42:02	17:46:06	1985-07-13	22:42:02	22:46:06	10:54:02	10:58:06	10:46:23	10:50:27	00:04:04	Philadelphia	The Cars	Drive	
1985-07-13	17:46:06	17:49:32	1985-07-13	22:46:06	22:49:32	10:58:06	11:01:32	10:50:27	10:53:53	00:03:26	Philadelphia	The Cars	Just What I Needed	
1985-07-13	17:49:32	17:54:43	1985-07-13	22:49:32	22:54:43	11:01:32	11:06:43	10:53:53	10:59:04	00:05:11	Philadelphia	The Cars	Heartbeat City	
1985-07-13	18:06:00	18:06:10	1985-07-13	23:06:00	23:06:10	11:18:00	11:18:10	11:10:21	11:10:31	00:00:10	Philadelphia	Neil Young	Introduction by Joe Piscopo	
1985-07-13	18:06:10	18:10:55	1985-07-13	23:06:10	23:10:55	11:18:10	11:22:55	11:10:31	11:15:16	00:04:45	Philadelphia	Neil Young	Sugar Mountain	
1985-07-13	18:10:55	18:13:26	1985-07-13	23:10:55	23:13:26	11:22:55	11:25:26	11:15:16	11:17:47	00:02:31	Philadelphia	Neil Young	The Needle and the Damage Done	
1985-07-13	18:13:26	18:17:48	1985-07-13	23:13:26	23:17:48	11:25:26	11:29:48	11:17:47	11:22:09	00:04:22	Philadelphia	Neil Young	Helpless	
1985-07-13	18:17:48	18:22:32	1985-07-13	23:17:48	23:22:32	11:29:48	11:34:32	11:22:09	11:26:53	00:04:44	Philadelphia	Neil Young	Nothing Is Perfect (In God's Perfect Plan)	
1985-07-13	18:22:32	18:27:21	1985-07-13	23:22:32	23:27:21	11:34:32	11:39:21	11:26:53	11:31:42	00:04:49	Philadelphia	Neil Young	Powderfinger	
1985-07-13	18:42:00	18:42:17	1985-07-13	23:42:00	23:42:17	11:54:00	11:54:17	11:46:21	11:46:38	00:00:17	Philadelphia	The Power Station	Introduction by Don Johnson	
1985-07-13	18:42:17	18:46:37	1985-07-13	23:42:17	23:46:37	11:54:17	11:58:37	11:46:38	11:50:58	00:04:20	Philadelphia	The Power Station	Murderess	
1985-07-13	18:46:37	18:52:37	1985-07-13	23:46:37	23:52:37	11:58:37	12:04:37	11:50:58	11:56:58	00:06:00	Philadelphia	The Power Station	Get It On	
1985-07-13	19:21:00	19:21:53	1985-07-14	00:21:00	00:21:53	12:33:00	12:33:53	12:25:21	12:26:14	00:00:53	Philadelphia	Thompson Twins	Introduction by Bette Midler	
1985-07-13	19:21:53	19:29:52	1985-07-14	00:21:53	00:29:52	12:36:53	12:44:52	12:26:14	12:34:13	00:07:59	Philadelphia	Thompson Twins	Hold Me Now	
1985-07-13	19:29:52	19:34:39	1985-07-14	00:29:52	00:34:39	12:44:52	12:49:39	12:34:13	12:39:00	00:04:47	Philadelphia	Thompson Twins + Madonna + Steve Stevens + Nile Rodgers	Revolution	
1985-07-13	19:38:00	19:38:10	1985-07-14	00:38:00	00:38:10	12:53:00	12:53:10	12:42:21	12:42:31	00:00:10	Philadelphia	Eric Clapton	Introduction by Bill Graham	
1985-07-13	19:38:10	19:43:23	1985-07-14	00:38:10	00:43:23	12:53:10	12:58:23	12:42:31	12:47:44	00:05:13	Philadelphia	Eric Clapton	White Room	
1985-07-13	19:43:23	19:48:07	1985-07-14	00:43:23	00:48:07	12:58:23	13:03:07	12:47:44	12:52:28	00:04:44	Philadelphia	Eric Clapton	She's Waiting	
1985-07-13	19:48:07	19:54:51	1985-07-14	00:48:07	00:54:51	13:03:07	13:09:51	12:52:28	12:59:12	00:06:44	Philadelphia	Eric Clapton	Layla	
1985-07-13	20:00:00	20:01:02	1985-07-14	01:00:00	01:01:02	13:15:00	13:16:02	13:04:21	13:05:23	00:01:02	Philadelphia	Phil Collins	Introduction by Jack Nicholson and Bette Midler	
1985-07-13	20:01:02	20:04:47	1985-07-14	01:01:02	01:04:47	13:16:02	13:19:47	13:05:23	13:09:08	00:03:45	Philadelphia	Phil Collins	Against All Odds (Take a Look at Me Now)	
1985-07-13	20:04:47	20:09:23	1985-07-14	01:04:47	01:09:23	13:19:47	13:24:23	13:09:08	13:13:44	00:04:36	Philadelphia	Phil Collins	In the Air Tonight	
1985-07-13	20:10:00	20:11:36	1985-07-14	01:10:00	01:11:36	13:25:00	13:26:36	13:14:21	13:15:57	00:01:36	Philadelphia	Led Zeppelin	Introduction by Phil Collins	
1985-07-13	20:11:36	20:16:19	1985-07-14	01:11:36	01:16:19	13:26:36	13:31:19	13:15:57	13:20:40	00:04:43	Philadelphia	Led Zeppelin	Rock and Roll	
1985-07-13	20:16:19	20:21:39	1985-07-14	01:16:19	01:21:39	13:31:19	13:36:39	13:20:40	13:26:00	00:05:20	Philadelphia	Led Zeppelin	Whole Lotta Love	
1985-07-13	20:21:39	20:30:58	1985-07-14	01:21:39	01:30:58	13:36:39	13:45:58	13:26:00	13:35:19	00:09:19	Philadelphia	Led Zeppelin	Stairway to Heaven	
1985-07-13	20:39:00	20:42:33	1985-07-14	01:39:00	01:42:33	13:54:00	13:57:33	13:43:21	13:46:54	00:03:33	Philadelphia	"Crosby, Stills, Nash & Young"	Only Love Can Break Your Heart	
1985-07-13	20:42:33	20:43:17	1985-07-14	01:42:33	01:43:17	13:57:33	13:58:17	13:46:54	13:47:38	00:00:44	Philadelphia	"Crosby, Stills, Nash & Young"	Tuning	
1985-07-13	20:43:17	20:45:42	1985-07-14	01:43:17	01:45:42	13:58:17	14:00:42	13:47:38	13:50:03	00:02:25	Philadelphia	"Crosby, Stills, Nash & Young"	Daylight Again	
1985-07-13	20:46:00	20:46:15	1985-07-14	01:46:00	01:46:15	14:01:00	14:01:15	13:50:21	13:50:36	00:00:15	Philadelphia	Duran Duran	Introduction by Chevy Chase	
1985-07-13	20:46:15	20:50:22	1985-07-14	01:46:15	01:50:22	14:01:15	14:05:22	13:50:36	13:54:43	00:04:07	Philadelphia	Duran Duran	A View to a Kill	
1985-07-13	20:50:22	20:55:03	1985-07-14	01:50:22	01:55:03	14:05:22	14:10:03	13:54:43	13:59:24	00:04:41	Philadelphia	Duran Duran	Union of the Snake	
1985-07-13	20:55:03	21:01:47	1985-07-14	01:55:03	02:01:47	14:10:03	14:16:47	13:59:24	14:06:08	00:06:44	Philadelphia	Duran Duran	Save a Prayer	
1985-07-13	21:01:47	21:07:48	1985-07-14	02:01:47	02:07:48	14:16:47	14:22:48	14:06:08	14:12:09	00:06:01	Philadelphia	Duran Duran	The Reflex	
1985-07-13	21:11:00	21:11:10	1985-07-14	02:11:00	02:11:10	14:26:00	14:26:01	14:15:21	14:15:22	00:00:01	Video	Cliff Richard	Introduction by Andy Kershaw	BBC Chat Room
1985-07-13	21:11:10	21:13:56	1985-07-14	02:11:10	02:13:56	14:26:10	14:28:56	14:15:31	14:18:17	00:02:46	Video	Cliff Richard	A World of Difference	BBC Chat Room
1985-07-13	21:20:00	21:20:32	1985-07-14	02:20:00	02:20:32	14:35:00	14:35:32	14:24:21	14:24:53	00:00:32	Philadelphia	Patti LaBelle	Introduction by Bette Midler	
1985-07-13	21:20:32	21:23:23	1985-07-14	02:20:32	02:23:23	14:35:32	14:38:23	14:24:53	14:27:44	00:02:51	Philadelphia	Patti LaBelle	New Attitude	
1985-07-13	21:23:23	21:28:07	1985-07-14	02:23:23	02:28:07	14:38:23	14:43:07	14:27:44	14:32:28	00:04:44	Philadelphia	Patti LaBelle	Imagine	
1985-07-13	21:28:07	21:34:01	1985-07-14	02:28:07	02:34:01	14:43:07	14:49:01	14:32:28	14:38:22	00:05:54	Philadelphia	Patti LaBelle	Forever Young	
1985-07-13	21:34:01	21:36:21	1985-07-14	02:34:01	02:36:21	14:49:01	14:51:21	14:38:22	14:40:42	00:02:20	Philadelphia	Patti LaBelle	Stir It Up	
1985-07-13	21:36:21	21:39:04	1985-07-14	02:36:21	02:39:04	14:51:21	14:54:04	14:40:42	14:43:25	00:02:43	Philadelphia	Patti LaBelle	Over the Rainbow	
1985-07-13	21:39:04	21:41:48	1985-07-14	02:39:04	02:41:48	14:54:04	14:56:48	14:43:25	14:46:09	00:02:44	Philadelphia	Patti LaBelle	Why Can't I Get It Over	
1985-07-13	21:50:00	21:50:10	1985-07-14	02:50:00	02:50:10	15:05:00	15:05:10	14:54:21	14:54:31	00:00:10	Philadelphia	Hall & Oates	Introduction by Bill Graham of Dionne Warwick	
1985-07-13	21:50:10	21:50:43	1985-07-14	02:50:10	02:50:43	15:05:10	15:05:43	14:54:31	14:55:04	00:00:33	Philadelphia	Hall & Oates	Introduction by Dionne Warwick	
1985-07-13	21:50:43	21:55:10	1985-07-14	02:50:43	02:55:10	15:05:43	15:10:10	14:55:04	14:59:31	00:04:27	Philadelphia	Hall & Oates	Out of Touch	
1985-07-13	21:55:10	22:00:37	1985-07-14	02:55:10	03:00:37	15:10:10	15:15:37	14:59:31	15:04:58	00:05:27	Philadelphia	Hall & Oates	Maneater	
1985-07-13	22:00:37	22:03:11	1985-07-14	03:00:37	03:03:11	15:15:37	15:18:11	15:04:58	15:07:32	00:02:34	Philadelphia	Hall & Oates + Eddie Kendricks	Get Ready	
1985-07-13	22:03:11	22:06:00	1985-07-14	03:03:11	03:06:00	15:18:11	15:21:00	15:07:32	15:10:21	00:02:49	Philadelphia	Hall & Oates + David Ruffin	Ain't Too Proud to Beg	
1985-07-13	22:06:00	22:08:41	1985-07-14	03:06:00	03:08:41	15:21:00	15:23:41	15:10:21	15:13:02	00:02:41	Philadelphia	Hall & Oates	The Way You Do the Things You Do	
1985-07-13	22:08:41	22:12:22	1985-07-14	03:08:41	03:12:22	15:23:41	15:27:22	15:13:02	15:16:43	00:03:41	Philadelphia	Hall & Oates + Eddie Kendricks + David Ruffin	My Girl	
1985-07-13	22:15:00	22:15:29	1985-07-14	03:15:00	03:15:29	15:30:00	15:30:29	15:19:21	15:19:50	00:00:29	Philadelphia	Mick Jagger	Introduction by Bette Midler	
1985-07-13	22:15:29	22:18:54	1985-07-14	03:15:29	03:18:54	15:30:29	15:33:54	15:19:50	15:23:15	00:03:25	Philadelphia	Mick Jagger	Lonely at the Top	
1985-07-13	22:18:54	22:24:21	1985-07-14	03:18:54	03:24:21	15:33:54	15:39:21	15:23:15	15:28:42	00:05:27	Philadelphia	Mick Jagger	Just Another Night	
1985-07-13	22:24:21	22:29:31	1985-07-14	03:24:21	03:29:31	15:39:21	15:44:31	15:28:42	15:33:52	00:05:10	Philadelphia	Mick Jagger	Miss You	
1985-07-13	22:29:31	22:32:05	1985-07-14	03:29:31	03:32:05	15:44:31	15:47:05	15:33:52	15:36:26	00:02:34	Philadelphia	Mick Jagger + Tina Turner	State of Shock	
1985-07-13	22:32:05	22:35:00	1985-07-14	03:32:05	03:35:00	15:47:05	15:50:00	15:36:26	15:39:21	00:02:55	Philadelphia	Mick Jagger + Tina Turner	It's Only Rock 'n Roll (But I Like It) (Reprise)	
1985-07-13	22:39:00	22:39:20	1985-07-14	03:39:00	03:39:20	15:54:00	15:54:20	15:43:21	15:43:41	00:00:20	Philadelphia	Bob Dylan + Keith Richards + Ronnie Wood	Introduction by Bill Graham of Jack Nicholson	
1985-07-13	22:39:20	22:40:09	1985-07-14	03:39:20	03:40:09	15:54:20	15:55:09	15:43:41	15:44:30	00:00:49	Philadelphia	Bob Dylan + Keith Richards + Ronnie Wood	Introduction by Jack Nicholson	
1985-07-13	22:40:09	22:44:43	1985-07-14	03:40:09	03:44:43	15:55:09	15:59:43	15:44:30	15:49:04	00:04:34	Philadelphia	Bob Dylan + Keith Richards + Ronnie Wood	Ballad of Hollis Brown	
1985-07-13	22:44:43	22:48:19	1985-07-14	03:44:43	03:48:19	15:59:43	16:03:19	15:49:04	15:52:40	00:03:36	Philadelphia	Bob Dylan + Keith Richards + Ronnie Wood	When the Ship Comes In	
1985-07-13	22:48:19	22:52:55	1985-07-14	03:48:19	03:52:55	16:03:19	16:07:55	15:52:40	15:57:16	00:04:36	Philadelphia	Bob Dylan + Keith Richards + Ronnie Wood	Blowin' in the Wind	
1985-07-13	22:55:00	23:03:57	1985-07-14	03:55:00	04:03:57	16:10:00	16:18:57	15:59:21	16:08:18	00:08:57	Philadelphia	USA for Africa	We Are the World	